"","wojewodztwa","Longitude","Latitude","licz_biologia_podstawowa","licz_chemia_podstawowa","licz_fizyka_podstawowa","licz_geografia_podstawowa","licz_historia_podstawowa","licz_informatyka_podstawowa","licz_j_angielski_podstawowa","licz_j_polski_podstawowa","licz_matematyka_podstawowa","licz_WOS_podstawowa","licz_biologia_rozszerzona","licz_chemia_rozszerzona","licz_fizyka_rozszerzona","licz_geografia_rozszerzona","licz_historia_rozszerzona","licz_informatyka_rozszerzona","licz_j_angielski_rozszerzona","licz_j_polski_rozszerzona","licz_matematyka_rozszerzona","licz_WOS_rozszerzona","sr_biologia_podstawowa","sr_chemia_podstawowa","sr_fizyka_podstawowa","sr_geografia_podstawowa","sr_historia_podstawowa","sr_informatyka_podstawowa","sr_j_angielski_podstawowa","sr_j_polski_podstawowa","sr_matematyka_podstawowa","sr_WOS_podstawowa","sr_biologia_rozszerzona","sr_chemia_rozszerzona","sr_fizyka_rozszerzona","sr_geografia_rozszerzona","sr_historia_rozszerzona","sr_informatyka_rozszerzona","sr_j_angielski_rozszerzona","sr_j_polski_rozszerzona","sr_matematyka_rozszerzona","sr_WOS_rozszerzona","maturzysci","rok"
"1","dolnośląskie",318758.734783317,361175.05019965,8228,1741,6334,11353,4122,426,71209,93079,92989,8627,10442,7181,9011,8478,4997,231,14133,12232,18072,9057,51.1506309314958,48.2113727742677,43.7241837056894,45.6654628732494,52.3465426927685,38.3943661971831,68.7197685685798,57.6117265107263,61.4180602006689,56.4543873884317,53.3456234437847,59.3160191245416,53.2290163873784,45.8793347487615,49.1166700020012,62.3722943722944,68.8735583386401,55.636110945954,46.8509296148738,48.6562879540687,93079,2010
"2","kujawsko-pomorskie",465842.300547998,578593.47460022,7592,1499,2208,8875,2862,483,59277,73047,72972,5374,6730,4774,2477,5734,1938,280,7494,5073,8696,3638,51.8764030787557,56.5003335557038,44.5495045844425,50.8917183098592,58.194640539654,47.5445134575569,65.9923073030012,57.256120550301,62.3285095653127,59.5078154075177,56.9249628528975,66.2620444072057,66.1418382451891,55.0284850598768,58.8235294117647,51.0357142857143,70.4081932212437,58.3172051681809,52.8350965961362,53.8620120945574,73047,2010
"3","lubelskie",772477.095961581,379460.89267258,8619,1866,3163,15579,2987,357,89218,107397,107347,10396,10703,7391,4379,13779,4452,234,13968,10375,17746,11741,51.1332395062476,49.2561629153269,46.2154890410163,45.2676038256628,55.5160798835771,41.0476190476191,63.6555291533099,54.1997499049372,59.0133864942663,53.9117929973067,54.5263010370924,63.8357461777838,65.2310268706706,47.6450879357476,52.115004492363,35.3931623931624,68.021549255441,54.9500547645126,51.5276682069199,52.9675496124691,107397,2010
"4","lubuskie",250102.573357138,487061.730677329,3680,964,2236,4962,1651,379,25863,38800,38745,4015,3470,2374,2088,3091,1265,109,4426,3049,4779,2555,50.3798440453686,49.4813278008299,40.9413676024972,47.384925433293,56.9450796672394,33.2084432717678,65.8794030081584,55.0145932014489,59.5198348173958,54.4794520547945,51.9207492795389,63.784751474305,59.0772669220945,49.1712498652,57.2553359683794,44.4220183486239,67.937867148667,53.4661140761502,47.7853107344633,51.1021526418787,38800,2010
"5","łódzkie",528825.079298039,415319.262233603,7601,3203,4065,10001,2323,204,82659,104223,104147,7132,11244,8840,7471,13543,5463,120,20132,14044,19975,9192,51.0441989898354,48.7286918513893,39.3307728995657,46.2269773022698,52.6856545459337,31.4607843137255,66.0890163200619,55.5473567462284,60.4267429690726,54.1728827818284,56.8057037827582,61.2196455505279,60.9590416276268,47.6258337640602,47.4698883397401,39.75,67.7203457182595,52.6133774371456,49.4684355444305,45.9114447345518,104223,2010
"6","małopolskie",591302.831560591,222007.972661482,11787,2233,1518,18253,3773,612,136921,157421,157278,8586,13621,9933,2866,14872,6023,560,23501,15900,24891,10814,51.9005831774874,49.537841468876,45.0821435293485,49.4189448309867,57.4917377499635,37.702614379085,65.6993667881479,57.2639953081571,61.3403273185061,56.8275098998369,54.3446394048406,64.883888721098,66.2206327052803,50.3160301237224,53.8675078864353,48.1428571428571,68.4284498531977,58.8516295025729,52.6961552368326,52.773811725541,157421,2010
"7","mazowieckie",643022.160559537,499325.588407215,15146,4452,9743,23233,7224,690,179278,213010,212758,18405,17913,15018,13398,27296,11234,780,35309,19390,38566,21694,52.2172592562823,47.6185983827493,45.6532895412091,48.0959841604614,56.3624370013786,35.8260869565217,66.591623065853,55.5582341648724,62.3805638330874,57.4687313230101,55.1808742254229,63.5080126070937,61.1032741205155,52.0200762016413,53.3140466441161,51.6153846153846,70.8458749893795,51.8324815978246,53.1790177876886,54.0107863925509,213010,2010
"8","opolskie",422175.452535162,309357.889258931,4503,757,1963,5128,1411,129,29109,37726,37711,4137,3895,2496,1775,3052,1545,70,5352,3748,5023,3285,53.1520049435642,43.6195508586526,41.063761215133,48.3120124804992,55.562707010515,38.1395348837209,65.8711051564808,56.1147878515211,60.8247460953038,56.7208121827411,56.2905434317501,62.4973290598291,54.8084507042254,48.0187854958497,49.9779935275081,53.4285714285714,66.4667414050822,49.9399679829242,48.9707346207446,44.9369863013699,37726,2010
"9","podkarpackie",727321.102662393,236412.632310518,9844,1672,3374,14973,3340,776,95651,109889,109842,10277,9210,6390,3472,10710,3596,351,13475,8823,16044,7726,50.6117166934615,50.4413875598086,44.6904903040054,48.1614906832298,57.963155322009,39.8015463917526,62.7382358783494,54.4806270110896,59.4062380510187,55.0329862800428,54.1062251176258,63.6541471048513,63.6391129032258,48.5457516339869,54.7052280311457,43.2535612535613,67.1464192949907,54.3651406963206,53.1909748192471,51.7054103028734,109889,2010
"10","podlaskie",761999.586861065,606650.468895193,4470,1026,1606,8024,1549,215,49292,58499,58459,4628,5421,4134,2490,8414,1545,335,8485,4215,9618,5502,49.8482637875693,45.1656920077973,45.5727247312375,45.7205882352941,58.8101606039446,35.7209302325581,64.8136411588087,57.0713151483763,60.7113019381105,56.8025064822818,54.3429871487425,66.3114820190292,64.40093708166,49.1056572379368,53.3980582524272,47.8805970149254,66.2969946965233,58.3953413134908,53.4156789353296,50.2151944747365,58499,2010
"11","pomorskie",433888.002780233,699315.112450165,6491,1636,1783,11269,4343,427,66389,80584,80536,6132,6130,4902,2511,7308,3358,365,14246,8883,13549,6266,52.1136289042353,45.7151589242054,36.8800576876853,47.6450439258142,54.5999426710588,39.5456674473068,68.7278916688006,58.4949798900459,62.1303019767557,56.5790932811481,56.4279499728113,63.0242758057936,65.8044603743528,49.8223408137201,51.5461584276355,55.8904109589041,71.1078899340166,49.8672131650855,50.2946342903535,49.1503351420364,80584,2010
"12","śląskie",499480.921145263,273446.448843197,15181,3271,4617,20066,7094,864,165553,188905,188800,11014,14471,11121,4037,10796,6167,456,25328,18172,24296,9288,53.5799898614687,49.4796698257414,46.2509890245897,51.679856473637,58.3045171832477,43.337962962963,65.4272045810103,57.8564372053163,60.4727648305085,59.7003813328491,57.9519959459148,63.6576446962204,65.9957889521922,52.941367173027,55.4233825198638,47.4956140350877,69.5547615287429,58.5642496948352,51.8629404017122,53.2930663221361,188905,2010
"13","świętokrzyskie",624746.459810221,323304.077470651,5548,1445,1710,6843,1633,334,50262,59709,59644,4681,5850,4595,2005,4454,2485,90,6260,4219,8352,4459,54.0398420112222,49.6470588235294,50.5549588256355,47.7033464854596,55.3557369059075,34.4131736526946,62.3141538339103,54.1758836664127,59.5781637717122,56.891903439436,60.2421652421652,63.8828436706565,62.2069825436409,49.8847477922467,52.8700201207243,46.1111111111111,67.8439297124601,56.5741558749381,52.2461685823755,48.1547432159677,59709,2010
"14","warmińsko-mazurskie",619853.94638317,667542.454595626,5936,1641,2103,11476,2562,263,46742,58333,58260,7556,5336,3809,2165,5554,1958,135,6712,4931,7511,4051,50.1944656041252,49.963436928702,38.971537259697,47.9531195538515,58.007933852698,43.4068441064639,65.0829232809893,54.9024450023884,59.991658084449,56.9674430915829,52.5387306346827,64.0662466089087,59.7998460354119,47.5864241987757,50.661899897855,42.1481481481481,68.2815852205006,56.67668368946,49.9052056983091,52.2957294495186,58333,2010
"15","wielkopolskie",380773.294972023,497126.450255601,13318,3995,6048,19985,5867,948,110323,147771,147606,10183,12856,8854,6043,13316,5436,524,16109,14004,19279,6131,48.7274496105304,51.6430538172716,39.8863513659432,47.6942707030273,55.3316196088116,39.4514767932489,64.6229254099326,53.6613719511582,60.0620164491958,55.8888343317294,51.4034951254926,63.4355470220616,57.8545424458051,48.4415990788024,52.0058866813834,48.9961832061069,68.2466943944379,54.8169678793072,45.9484413091965,47.5671179252977,147771,2010
"16","zachodniopomorskie",270787.940195897,640902.765012328,7300,1274,2912,11206,3255,340,49462,63967,63846,9557,4816,3376,2376,3522,1571,228,7047,4789,6048,2990,50.3886241810602,52.116169544741,44.1894202736039,49.7781545600571,57.6795510831061,40.2058823529412,66.0136468399984,53.875266765507,58.5569025467531,56.8029716438213,54.7916666666667,64.0378159557662,63.1390291806959,50.8683513155404,56.8898790579249,54.9561403508772,70.5108556832695,52.5522504223694,51.8462301587302,52.5471571906355,63967,2010
"17","dolnośląskie",318758.734783317,361175.05019965,8146,1909,7822,13447,4218,488,84474,108805,108426,11269,10669,7689,9743,7754,4625,320,18341,13886,19755,8429,45.5479171781652,38.3918281822944,40.9486064945027,42.4444872765794,47.407611693326,41.344262295082,73.9476051802922,52.0444584099747,49.247560548208,50.2417173700841,53.7519917518043,50.0416178956951,41.6815491463957,45.9117874645344,48.5716756756757,60.15625,69.9784635516057,50.2918243358255,42.3169830422678,42.3191363151026,108805,2011
"18","kujawsko-pomorskie",465842.300547998,578593.47460022,7005,1630,2540,11575,2752,637,65989,79938,79848,7452,6719,4879,2534,4919,1628,500,8416,6216,9871,3909,50.4000118962646,45.4920245398773,41.4645669291339,45.3015383259135,55.9151785714286,57.4662480376766,72.3971874100229,51.7473170085194,51.1118625388238,53.4108147214637,54.4718956193878,53.7664822026371,51.4410681399632,52.7881683268957,54.9914004914005,63.9,72.3779705323194,57.0989820989821,48.007901934961,46.7137375287797,79938,2011
"19","lubelskie",772477.095961581,379460.89267258,7635,1645,3678,17619,2818,338,89513,106566,106506,12711,10411,7803,4532,12829,3151,313,16679,11341,18454,11618,46.3817943680419,41.3227963525836,42.1663947797716,41.3581812769378,51.7674280499993,47.3668639053254,71.9108732809759,52.3700069643429,50.7017820592267,49.0929629591624,54.3450837255467,53.0629245162117,50.8770962047661,47.8001662899161,51.52269120914,50.9329073482428,69.5554889381857,55.7378297568757,45.730573317438,47.1613014288174,106566,2011
"20","lubuskie",250102.573357138,487061.730677329,3373,846,2395,5092,1526,367,25140,37290,37250,4359,3333,2690,2080,3114,1015,245,4898,3136,5317,2018,48.787553117897,46.1182033096927,41.4989561586639,46.2598393638681,51.2363923288844,47.4386920980926,74.4540175019889,52.0224246772919,51.2087516778523,52.6439550355586,55.3635363536354,54.4485749690211,44.5032051282051,49.0746092913723,54.6995073891626,45.4285714285714,71.1935483870968,52.4227446660482,44.0338536768855,48.6521308225966,37290,2011
"21","łódzkie",528825.079298039,415319.262233603,6072,2707,4559,12044,2333,207,82960,101540,101430,7876,11173,9427,7346,13630,4551,110,22990,14904,20928,9704,47.4462697628459,41.3520502401182,39.4507567449002,43.4491897057727,48.9214202612035,44.231884057971,73.9379701060752,51.4004466353294,52.0032731933353,50.8916742111423,54.4245055043408,50.8769138290725,47.6642617297395,46.6738811445341,46.2724675895408,46.7272727272727,69.5075250108743,51.2051371199922,45.0416666666667,38.2813272877164,101540,2011
"22","małopolskie",591302.831560591,222007.972661482,9690,2047,1334,18241,3225,450,136230,154529,154421,9294,12948,9844,2803,13702,5034,515,29028,17013,27227,11249,49.2096663226694,41.8270639960918,40.5622188905547,46.5107198517804,51.6506881822496,44.3333333333333,73.8397049108126,54.5852059956209,52.3831603214589,52.7163387318607,54.4264236432911,55.4764323445754,50.5868712094185,49.5985987447088,53.6221692491061,57.7087378640777,70.4970028937578,57.9009099993053,47.2862232342895,48.2540670281803,154529,2011
"23","mazowieckie",643022.160559537,499325.588407215,12234,4023,11283,24583,5601,697,181488,212314,212056,20337,17055,14962,14543,25001,9315,875,42388,21929,41142,22501,49.4799329736799,41.5550584141188,44.1042275990428,44.3942097035698,52.8480701332488,41.0846484935438,74.6489189367892,54.14858512723,53.6886860074697,52.5715605097584,56.7903840515978,53.2656062023794,47.4960462077976,53.2899350692639,52.3297906602254,56.8342857142857,72.3940737944701,52.8481379990797,49.78887754606,48.2933202968757,212314,2011
"24","opolskie",422175.452535162,309357.889258931,4094,980,2483,5350,1610,239,32241,40837,40743,4447,3415,2511,1586,2714,1122,62,5803,4314,5360,3290,49.443290994952,38.3,37.5392670157068,43.8039290482548,49.3541640258588,37.3389121338912,72.2920815111194,49.1444232145067,48.3844586800187,49.6245637019583,54.0405075646657,46.8047258728262,46.1118116855822,46.9559076394006,53.0766488413547,58.3225806451613,68.3670515250732,47.9896320647364,42.2608208955224,41.7003039513678,40837,2011
"25","podkarpackie",727321.102662393,236412.632310518,8461,1726,4322,16206,3506,869,96750,108522,108488,12223,8802,7016,3984,9494,3093,459,16204,8481,17350,7499,47.7792715597053,44.1332560834299,41.1434521055067,45.1306772246107,52.6255282489493,46.7157652474108,71.1000103359173,50.9182469913935,51.1563122188629,51.3646760028314,55.743202302507,52.4660300266058,49.4565763052209,50.3930552629731,52.8419010669253,52.875816993464,70.038015304863,54.2981102142758,47.1719884726225,47.9282571009468,108522,2011
"26","podlaskie",761999.586861065,606650.468895193,4386,1299,2430,8742,1624,300,49338,57560,57521,5225,4940,4060,2950,7993,1508,495,10741,5551,10854,6045,48.0430156558748,39.9830638953041,41.2757201646091,42.3657314676042,51.652508293958,39.9666666666667,74.2692650695204,54.8303063313487,53.2758818518454,50.2101102558768,55.7236842105263,56.7426108374384,48.8813559322034,49.1997164185329,54.0305039787798,53.3131313131313,69.2676659528908,58.8006256039043,47.4580799705178,45.4722911497105,57560,2011
"27","pomorskie",433888.002780233,699315.112450165,6188,1614,1785,12588,4909,340,71231,85110,85038,8652,6045,5050,2611,6151,2428,390,16670,8822,14993,5370,48.5071913380737,41.0731102850062,37.9025210084034,44.6199166034383,51.6747664639292,49.1176470588235,75.5519085791299,52.1859152067118,52.2019802911639,51.6818177249794,57.8982630272953,53.1564356435644,49.7165836844121,48.3401072996261,48.8023064250412,55.0769230769231,72.4628074385123,56.6347560849941,45.5548589341693,45.0465549348231,85110,2011
"28","śląskie",499480.921145263,273446.448843197,13592,2778,4595,21038,5500,714,162482,182803,182567,11423,13436,11343,3799,9348,5630,545,28443,16654,26235,9432,52.2137715813223,44.3225341972642,44.9719260065288,48.201893172898,54.0239332096475,50.2605042016807,73.2349860292217,50.0375903109994,51.1900069563503,55.2230625473397,59.1073732261586,52.1700608304681,50.1640782662104,53.1470189701897,52.3222024866785,62.1651376146789,71.0760468305031,54.5307160714871,45.4763483895559,48.3273960983885,182803,2011
"29","świętokrzyskie",624746.459810221,323304.077470651,4938,1318,1559,7356,1486,426,52571,60253,60183,5041,5359,4450,1915,4424,2035,195,7925,4495,9419,4454,52.4828709329013,40.3262518968134,48.2424631173829,44.2673480485179,53.4594995467905,38.5258215962441,69.8479770215518,50.0654447619744,51.6454480501138,51.4405785601546,59.7981588604839,49.814606741573,48.964316797215,50.8668625678119,53.7739557739558,55.6923076923077,69.3193690851735,52.4507028010921,46.5985773436671,43.2945666816345,60253,2011
"30","warmińsko-mazurskie",619853.94638317,667542.454595626,4840,1449,2068,13000,2501,384,48084,58443,58368,8970,4850,3715,2015,5558,1249,170,8790,5350,8565,4269,48.3987603305785,44.1863354037267,39.8771760154739,43.2445839874411,51.3141682102669,50.125,73.1960943349139,51.2807119526487,50.8920641447368,49.9224468033542,52.9175257731959,50.2198295199641,49.8180314309347,49.542701211467,46.5652522017614,53.2352941176471,69.6534698521047,54.5467289719626,45.4531231757151,42.1368001873975,58443,2011
"31","wielkopolskie",380773.294972023,497126.450255601,12139,4265,5612,21159,4802,1197,110313,144691,144510,12072,12714,8682,7019,13785,5242,703,18789,15866,22111,6056,48.5650589010627,44.2091441969519,38.5808980755524,45.6421786068745,50.9713214731957,44.7385129490393,72.9729678279079,51.2647829008211,50.1073005328351,51.304131731351,53.4758271721462,53.0083314136528,46.1091323550363,47.8181598355701,50.5448302174742,55.5448079658606,70.4837404864548,50.9353907154235,40.3050970105377,42.2295244385733,144691,2011
"32","zachodniopomorskie",270787.940195897,640902.765012328,6701,1521,2504,11733,2633,406,49017,61795,61552,10826,4146,3246,2276,2721,1457,187,8226,4881,6407,2901,50.8642988608665,47.5765943458251,43.1317891373802,46.8921600857167,52.7566134695428,44.0098522167488,73.9956953709937,51.5654201009003,48.4730309331947,51.9406782383794,57.3235246824248,53.8036557814746,49.3241066198008,51.8197966433909,53.6582017844887,57.7540106951872,72.0951859956236,53.4768396938034,45.5726549086936,48.258531540848,61795,2011
"33","dolnośląskie",318758.734783317,361175.05019965,7819,2196,9720,14530,4279,375,79371,99692,99464,11708,10231,7080,8491,7711,3927,415,22925,13406,18948,7383,37.4376518736411,47.391621129326,33.9592256655749,48.3534067446662,49.8375788735686,33.6598639455782,72.441987627723,53.6132639882188,59.3920011260356,41.3002861291425,50.3461701365132,48.3145009416196,37.4957798453264,50.1657804867505,50.3284950343774,60.7951807228916,62.9895310796074,54.7624537181452,45.0883470550982,34.6319924150075,99692,2012
"34","kujawsko-pomorskie",465842.300547998,578593.47460022,6509,1639,3151,9432,2444,790,63954,74934,74815,7662,6976,5048,2730,5607,1510,558,12465,6079,10064,3270,41.2870640651406,53.9963392312386,36.313059022403,54.0186775515974,58.6096563011457,50.4520795660036,70.8285486443381,52.2914038227514,61.6631156853572,44.32344688071,53.2124426605505,52.2187004754358,44.539072039072,54.4408774745853,57.3907284768212,59.15770609319,65.9374247894103,58.7293813276705,51.7148251192369,39.3363914373089,74934,2012
"35","lubelskie",772477.095961581,379460.89267258,6858,1828,4731,14715,2668,485,83951,96641,96607,11899,9873,7298,4601,12801,2635,328,22664,10234,18584,9965,37.9176995236706,47.8369803063457,35.4319533774195,49.7713500962736,54.3823088455772,33.3936461182411,70.3666662696097,53.1041047152221,61.5791816328009,41.2356080342886,52.6300685370877,52.8624280624829,44.7326668115627,51.3789287295263,52.3286527514231,50.3475609756098,62.0117366749029,59.5683728036669,50.1826302195437,38.3809332664325,96641,2012
"36","lubuskie",250102.573357138,487061.730677329,3183,869,2638,4772,1406,439,25345,37707,37585,4661,2921,2164,1952,2916,877,175,6158,3379,4858,1985,39.6415855063357,56.3429228998849,35.3158700932989,54.544303576418,57.3790896159317,41.532239319418,71.9426711382916,52.9337157987011,59.439137953971,42.6803976256883,53.4622846057286,56.8815465187924,43.6859631147541,55.4721079103795,58.6955530216648,51.4285714285714,66.0328028580708,57.447738706987,48.0996294771511,42.5944584382872,37707,2012
"37","łódzkie",528825.079298039,415319.262233603,6329,2933,5739,11940,2481,239,83999,101687,101595,9068,11017,9270,7189,14159,3759,170,27638,14155,21636,8247,36.5746958445252,47.4776679168087,35.0526828609123,49.5637911781128,51.5022168480451,31.4319870207497,70.0163930522982,52.0372797394442,60.4028150991683,42.2233403176004,51.1045051586941,50.0852211434736,42.0058422590068,48.6862301951644,43.0167597765363,48.1764705882353,62.0320211303278,55.0261712854436,48.5899426881124,32.3397599126955,101687,2012
"38","małopolskie",591302.831560591,222007.972661482,9234,2183,1701,15181,2850,572,131294,145143,145102,8630,12761,9750,2485,13576,4469,925,38894,16748,27894,9891,40.1290971770991,52.5478699038021,38.8259007306626,52.5195968645017,54.5077192982456,40.6950192664478,72.2110149740277,52.8605712427874,63.0740858154953,44.3596707222866,54.0465741974244,56.9061538461538,46.8477531857814,52.7134894912591,54.7375251734169,59.0162162162162,63.6042063043143,62.1413411642096,51.2203341220334,39.8711960368011,145143,2012
"39","mazowieckie",643022.160559537,499325.588407215,13245,5353,13750,23061,5596,988,192852,220234,219865,21566,17531,15162,13689,24835,7638,1098,55243,23822,41248,20331,40.2334214168869,51.8752101625257,36.648905380334,51.9615548617435,56.7575053609721,33.0166074526977,71.6153527057018,51.7826616358178,62.2776612921566,44.9856931435284,55.812655676611,53.1591039001011,44.708646845399,55.8810818065902,57.2356637863315,57.0564663023679,67.2407544847311,61.910495264118,53.7267261442979,40.4976636663224,220234,2012
"40","opolskie",422175.452535162,309357.889258931,3555,890,2407,5074,1232,290,30336,36977,36914,4611,3246,2350,1647,2592,1036,106,7521,3642,5245,2586,40.4459681200188,51.1011235955056,33.9316449471355,49.1734824595979,50.2719155844156,38.1632653061224,70.956289556962,51.9657581155269,59.1613479980495,42.7971155931468,54.4146642020949,50.3340425531915,37.5075895567699,50.5266203703704,49.6660231660232,51.3584905660377,62.4157691796304,52.4487045080126,45.6743565300286,35.6674400618716,36977,2012
"41","podkarpackie",727321.102662393,236412.632310518,7918,1923,5857,14819,3107,1348,90618,101026,101006,12879,9263,7105,3437,8894,2494,484,20521,7986,16833,6372,39.39494400943,51.7420696827873,36.4817260351298,52.5516229165261,56.5297714837464,37.6173317991885,68.8440927850979,51.7469546239368,60.8228026057858,42.8155006858711,54.010219871172,52.8597231996247,43.0283192706818,52.5504085151038,52.2004811547715,56.1198347107438,61.984649870864,57.2265669467022,50.2069743955326,38.2303829252982,101026,2012
"42","podlaskie",761999.586861065,606650.468895193,3857,1331,2897,7586,1431,364,50065,57409,57345,6430,5476,4290,3040,8546,1064,630,13435,5632,10710,4965,37.7414441275603,53.0503380916604,32.7404140807169,48.7130899024519,56.4535290006988,33.7295357703521,71.3050833915909,50.1238858395402,62.0547911762141,42.1434357179886,55.0553932310689,55.7459207459207,44.0323464912281,52.8520165379515,51.4041353383459,53.968253968254,62.4888723483439,60.0836131198347,49.6829131652661,37.9472306143001,57409,2012
"43","pomorskie",433888.002780233,699315.112450165,5938,1655,2170,11690,4376,410,72150,83403,83253,9927,6111,5064,2343,6305,2449,368,21205,9199,14465,4473,39.8738351858089,51.7462235649547,32.2035173516411,53.2231964642144,54.404478976234,39.1737182677949,72.8702425502426,52.4256370323059,61.7177278896857,43.9778088378496,57.1314023891344,52.2021458662454,47.5337885901266,53.3005551149881,50.8975091874234,63.5815217391304,66.8564017920302,58.5241478816867,48.4865537504321,39.6735971383859,83403,2012
"44","śląskie",499480.921145263,273446.448843197,12204,3250,5419,19881,5573,970,155641,170883,170569,11336,13241,10941,3633,9702,4808,596,37197,14494,26147,7819,41.9287050693762,53.2904615384615,37.7387197728326,57.1998180842681,57.3438004665351,44.8116978750263,71.7380831528967,50.4423446989413,61.2600531163341,46.6451827511174,56.8627747149007,51.4949882704201,45.1357922745206,57.0140177283034,50.9783693843594,60.2785234899329,64.9321181815738,58.2427524869225,48.7542739128772,40.6745108070086,170883,2012
"45","świętokrzyskie",624746.459810221,323304.077470651,4930,1268,2320,6656,1417,459,52596,60293,60196,5424,5164,4270,2070,4366,1657,200,10469,4661,9416,3709,42.9546991210277,52.4321766561514,38.115763546798,50.4644931891026,54.9943542695836,34.7294473344894,65.779165716024,49.5788583767288,58.3170310319623,41.9948761676499,55.785566744126,53.4777517564403,44.1626409017713,51.9209039548023,48.2365721182861,48.6,62.2236125704461,56.8840085038326,51.5265505522515,35.5082232407657,60293,2012
"46","warmińsko-mazurskie",619853.94638317,667542.454595626,5105,1633,2399,12555,2610,543,48735,58018,57885,9671,4748,3540,2140,5879,1093,275,10747,5205,8061,3867,38.2859941234084,53.0704225352113,35.9495027690109,50.4760719500863,55.0846743295019,34.0925320404405,70.3067405355494,47.7980738503335,59.4066856698627,41.1134663771413,53.1399185622016,53.8888888888889,44.5989096573209,51.3114475250893,45.0466605672461,52.5090909090909,62.0600167488601,59.1411230460222,48.3605011785138,38.7970002585984,58018,2012
"47","wielkopolskie",380773.294972023,497126.450255601,12969,4290,6656,22153,5070,1409,115874,148949,148557,13239,12132,8191,6786,15379,4678,910,26234,16085,22538,4387,38.5888143521731,53.4480186480186,32.4933158359498,52.2784724416558,54.0520710059172,41.0335887371272,69.4216994321418,52.0349700686595,58.7269936791938,43.889502605937,52.7806627101879,51.8937451674602,37.863002259554,51.8614127489867,51.0790936297563,57.1648351648352,63.2635511168712,53.0063300081951,43.9098411571568,37.1474811944381,148949,2012
"48","zachodniopomorskie",270787.940195897,640902.765012328,6270,1670,3070,12378,2599,448,50555,63127,62862,11361,4105,3464,2489,2613,860,228,10325,4532,5912,2266,42.4016480595428,55.7317365269461,35.3586385694343,53.4478173641407,55.7837629857638,38.5614067055394,70.5634853130254,51.5043462363943,56.8389806242245,42.4999266496494,58.322371092164,54.3769245573518,45.8832194991295,55.9465493047583,57.3418604651163,57.2543859649123,66.9315254237288,56.4395611008585,50.4577131258457,39.4421888790821,63127,2012
"49","dolnośląskie",318758.734783317,361175.05019965,8720,2839,10421,14534,3821,495,82103,102164,101972,10966,10887,7323,8075,7008,3820,480,25604,13410,20079,5959,45.4818953738044,39.3539978865798,37.3021782938298,36.5076460478584,48.9429759516124,40.5656565656566,71.7591169081544,54.6338584385254,57.1162475973797,43.2905770641169,46.3712072502373,51.9026810505713,43.1166150670795,43.7623668188737,53.2057591623037,57.1354166666667,54.7275425714732,55.1804962375432,51.273967827083,40.3856351736869,102164,2013
"50","kujawsko-pomorskie",465842.300547998,578593.47460022,7182,2198,3324,10745,2664,902,70778,83178,83083,7217,6966,4874,2123,5212,1253,746,14402,6261,9729,2814,47.2881376016874,43.6333030027298,37.6323706377858,41.2007564131758,55.4797221463888,53.3835920177384,68.137092639763,51.9497586744936,58.4452415054825,49.1289773849569,46.4644942099722,57.8785391875256,52.1918668550793,51.3075594781274,58.6033519553073,58.9912868632708,68.1256075545063,54.7549040960637,58.8516805427074,43.1421464108031,83178,2013
"51","lubelskie",772477.095961581,379460.89267258,7110,2433,4749,15250,2435,637,88848,101132,101083,11911,9641,6789,4387,12348,2444,383,24152,10378,19370,8010,43.4413621809259,41.2240032881217,36.4556748789219,38.068085106383,52.0382469458445,41.0643642072214,67.8009933038585,53.2849094199606,58.3781249072544,43.6871334739745,48.2387719116274,58.0478224578976,49.7230453612947,45.7622017060793,55.0392798690671,50.5417754569191,66.0991222259026,57.0133061195886,56.5098606091895,42.0074906367041,101132,2013
"52","lubuskie",250102.573357138,487061.730677329,3385,1090,2653,4943,1115,356,25589,36873,36797,3630,3360,2406,1385,2982,910,195,6866,3228,4890,1630,46.033501995663,42.6201834862385,44.1349415755748,40.9545413458103,52.1366127644155,54.8651685393258,70.887881511587,53.7264870435483,57.2379270049189,45.9310708633726,48.3740079365079,59.4693821003048,48.8026474127557,45.2509501453163,59.4483516483516,50.9615384615385,69.3555199533935,54.6376872817393,54.4617586912065,42.0306748466258,36873,2013
"53","łódzkie",528825.079298039,415319.262233603,5675,3622,5932,11734,2228,290,85162,100133,100023,7812,11046,8782,5612,13094,3114,204,28622,13545,20972,6086,43.6378292248571,38.0960795140806,35.9069453809845,38.3065759078002,54.491503908021,37.8965517241379,69.2658146370734,52.4151392161938,58.2492826649871,43.6762591103703,47.6952441306053,54.2347984513778,49.6795557139463,45.5003563973321,52.0006422607579,50.0122549019608,67.0154426664803,54.2514849491594,54.5371924470723,37.0657246138679,100133,2013
"54","małopolskie",591302.831560591,222007.972661482,8892,2296,2044,14063,2325,688,136790,150540,150412,7288,13516,9694,2317,12677,4401,834,43295,17092,29688,8821,46.0641169207799,42.1742160278746,36.5518590998043,40.2715137504331,55.1736722059303,43.7936046511628,70.2731954686985,54.5246302500189,60.4277717203415,47.7189258939206,48.5910525796587,59.5538477408706,51.0422960725076,47.1335226525729,56.1781413315156,48.0215827338129,67.2235593024599,61.4517956300662,57.1170843438426,46.1845595737445,150540,2013
"55","mazowieckie",643022.160559537,499325.588407215,14948,6064,10357,22786,5370,927,198588,221473,221173,20346,18215,15141,12904,24973,7728,1723,60214,24673,42324,17022,46.5308103553311,39.6329155672823,33.9503717292652,40.3206709607056,53.8722419728006,39.1348435814455,70.5282457414654,51.2817620011273,60.2178656526791,46.9514630927507,50.1030286393998,56.471721374634,47.8864434800579,52.3726291061013,57.5957556935818,55.2510156703424,70.195037698874,60.9270162820603,58.7033361686041,42.7654799671014,221473,2013
"56","opolskie",422175.452535162,309357.889258931,3563,1132,2890,4716,1144,196,30845,37164,37096,4197,3382,2359,1515,2391,913,105,8641,4256,5426,2161,46.5290425830492,37.7791519434629,37.2463667820069,41.8358507931352,52.7848414212051,48.5408163265306,70.0035066709452,51.9645573891618,56.4369743368557,45.2128926943764,48.4580130100532,53.9430549667938,43.6127612761276,44.0471211487523,56.3877327491785,48.5714285714286,52.1663001967365,53.80745898838,53.1776631035754,40.7709393799167,37164,2013
"57","podkarpackie",727321.102662393,236412.632310518,8140,2431,5895,15311,2867,1430,92619,101229,101143,10803,9510,7248,3092,9425,2242,565,23637,8383,17916,5337,46.3236447279,42.386672151378,37.1810008481764,40.4159434810462,55.3758724320287,44.0111888111888,67.7652202979465,53.1867537157523,59.1197018083308,45.1702738207078,49.8301787592008,57.2877575423105,51.2079560155239,47.5329796640141,54.5263157894737,55.3318584070796,66.0497525066633,57.2874757355254,58.0708863585622,43.9216788457935,101229,2013
"58","podlaskie",761999.586861065,606650.468895193,3899,1416,2796,7275,1366,324,51731,58901,58834,5427,5623,4102,3025,8031,1142,755,14731,6026,11010,4179,45.1621528706215,41.1963276836158,33.6645207439199,38.3739124076917,56.6854489255661,47.5246913580247,69.1416625802473,52.0322465043268,59.8956385763334,45.3683121037837,46.5122413895311,59.89232894523,46.8071625344353,46.671647366455,56.7758318739054,44.7019867549669,65.1578983096871,55.8907612467188,56.6594005449591,43.1160564728404,58901,2013
"59","pomorskie",433888.002780233,699315.112450165,6057,1933,2201,11153,3854,435,76960,88525,88358,8164,6383,4871,2083,6247,1972,477,23108,8519,14622,3530,44.827331836911,41.6585618210036,37.2448886869605,42.6209148955247,55.15927306275,54.551724137931,71.0750350036064,53.0760435668654,57.89764367686,48.0704077058597,51.0893519243825,56.7303086293027,53.1989118258921,46.6754708926952,52.1795131845842,59.3081761006289,69.5460446598581,57.0030626727422,56.8384625906169,42.5257790368272,88525,2013
"60","śląskie",499480.921145263,273446.448843197,14097,3841,6496,20046,4935,1188,162034,176382,176160,10315,14496,10886,3138,9615,4338,890,41330,14379,27040,6575,47.3732905295981,41.7058057797449,39.9230295566502,43.0784727042695,54.8872719085485,49.5942760942761,70.2448566476222,52.1053735641959,58.121151226158,49.4656614515114,50.5333655261221,54.5589135893196,51.5678776290631,49.4926330386549,55.88612263716,52.0926966292135,67.4281877570772,57.4306596109225,53.8420118343195,44.2454752851711,176382,2013
"61","świętokrzyskie",624746.459810221,323304.077470651,4592,1547,1857,6239,1134,510,51247,58012,57917,4183,5531,4253,1835,4020,1599,260,10737,4684,9627,3158,49.3814404329454,42.7524240465417,38.380183091007,39.8205522570788,53.6849981294426,41.3333333333333,64.8953069627172,50.6073067827532,58.2336101662724,45.9196545287155,52.194901464473,58.2337957520182,48.2742960944596,48.6388888888889,54.2914321450907,52.1153846153846,65.4006705783738,58.2883704681314,56.1763789342474,42.0848638378721,58012,2013
"62","warmińsko-mazurskie",619853.94638317,667542.454595626,4562,1788,2417,12613,2251,405,49622,58258,58164,8755,5187,3781,1938,5025,957,300,11726,5692,7942,2887,46.8262333616275,40.4709172259508,37.4447662391394,40.0336700904673,52.6679500468927,49.6641975308642,68.5546609922031,48.620767081751,57.1236847534557,43.7731630557615,44.8618340723604,54.3590760821652,48.0022359821121,45.8059701492537,51.2852664576803,53.4166666666667,67.5300187617261,48.9023669584105,57.1631830773105,38.7384828541739,58258,2013
"63","wielkopolskie",380773.294972023,497126.450255601,12508,4836,6800,21406,4263,1187,111747,139803,139610,9882,12772,8468,5396,16689,4015,1146,27570,15586,21907,3644,45.5798501724854,42.9590570719603,38.7397058823529,40.9533218962271,52.6996448178714,47.4793597304128,69.1752214322331,51.8815568857413,56.8121194756823,45.1084499218437,46.0646988203362,56.5952212250039,48.4105510254509,44.9642479078035,54.9633872976339,53.1915357766143,67.0651795429815,55.1564340958669,51.2327566531246,36.751372118551,139803,2013
"64","zachodniopomorskie",270787.940195897,640902.765012328,6815,2058,4400,13019,2141,582,51182,62521,62258,8579,4609,3344,1304,3001,909,199,11119,4756,6325,1697,47.5571720703704,43.3741496598639,45.0195454545455,42.2900735912978,54.1533975910436,53.2680412371134,70.2328784274446,50.7394704568454,54.8732050499534,46.053822669408,50.6545165256382,56.3232655502392,53.3333333333333,48.0384316338998,58.1716171617162,57.0100502512563,70.9136613004767,54.6195236638887,53.7018181818182,46.6988803771361,62521,2013
"65","dolnośląskie",318758.734783317,361175.05019965,9932,2560,7667,11280,3543,505,79989,96428,96203,0,9730,7234,8174,6162,3430,785,26858,12592,19816,4483,36.4329615297064,42.91796875,33.0288248337029,44.4398610508033,45.6766276225421,42.0286926651849,71.4863793771644,50.1091277738102,46.3826699791067,NA,48.7877697841727,45.4596350566768,40.5460402903515,51.3250567997403,50.6472303206997,53.3630573248408,63.0258396008638,57.5812925955874,37.0730722648365,42.393040374749,96428,2014
"66","kujawsko-pomorskie",465842.300547998,578593.47460022,7822,2052,2746,8381,2587,988,68410,77729,77599,0,6747,5095,2255,4423,1253,840,15507,5482,10085,1865,36.9242826809556,49.1276803118908,38.8849235251275,45.3187360136752,52.034612163381,46.8561513674296,67.3360327437509,47.5651544711998,47.7875230350907,NA,51.5406847487772,51.2358521426235,50.750184774575,53.677745120205,60.4277733439745,57.9047619047619,66.9211323918231,57.7771052369739,45.1262270699058,46.6680965147453,77729,2014
"67","lubelskie",772477.095961581,379460.89267258,7364,2401,3919,12043,2106,587,82922,92529,92451,9019,9180,6970,4440,11118,2260,477,25861,9310,18649,5745,37.5519566398224,46.5064556434819,38.2281194182189,44.0130349241748,49.457403450459,38.7616034488753,67.7936856322809,48.5195729724472,48.9856464505522,50.9323526875362,54.3603848946986,52.9500239120038,52.2391141141141,52.7651855849373,53.6389380530973,47.6687631027254,61.5062449247902,58.076847964066,43.0227894257065,46.756135770235,92529,2014
"68","lubuskie",250102.573357138,487061.730677329,3622,1283,2172,4013,995,350,24884,35402,35301,50,3279,2544,1625,2869,885,260,7644,3249,5037,1322,39.673612945046,46.2525331254871,39.0322283609576,47.3268001444286,49.4399078726968,41.5160349854227,71.9416090660665,49.4634216726189,46.7680802243562,47,51.7789976618888,52.0984014675052,49.9641025641026,50.3497153479726,56.8135593220339,49.2692307692308,64.8473312401884,55.025322476846,39.3174508636093,42.7821482602118,35402,2014
"69","łódzkie",528825.079298039,415319.262233603,6148,3391,4799,10214,2286,343,80313,92462,92340,0,10433,9336,5703,11318,2978,236,29758,12955,20901,4742,36.7974031851999,41.9156590976113,35.1831631589915,45.2741934839336,48.6106554389035,38.2340691378592,70.2214087383114,47.8125710664483,49.1882824344813,NA,55.331000990447,49.1339974293059,48.8470980185867,50.9552630028863,52.6501007387508,39.4322033898305,62.9292291148599,57.5604364759131,40.7285775800201,42.5018979333614,92462,2014
"70","małopolskie",591302.831560591,222007.972661482,9799,2420,1813,11209,2224,316,129786,140447,140298,5670,13625,9828,2212,10217,3997,885,46204,15536,29902,7226,38.2459168415588,45.6404958677686,36.4081632653061,47.3089226769305,49.7189748201439,42.5406871609403,70.1169232428767,50.5828783349841,50.0923035253532,52.4273956496179,52.8585932721713,54.1044295210962,50.8845690174804,53.2755864408992,54.7185389041781,52.3728813559322,63.1725608172453,63.2735698904597,44.61413952244,47.9299750899529,140447,2014
"71","mazowieckie",643022.160559537,499325.588407215,16332,6063,8890,19996,5101,825,193116,213283,212866,18411,18567,15828,12780,23730,6839,2227,64805,23323,42008,13418,38.1180185072783,45.9313871020947,35.1444319460067,46.9445930002327,48.8335620466575,37.8849721706865,69.956544253195,47.5309799655856,49.7798239267896,51.9993482157406,54.810057270067,50.4223527925196,47.6142410015649,56.027180783818,59.7634157040503,54.8226313426134,68.6413394028239,62.0810319894914,44.0835555132356,48.1447309584141,213283,2014
"72","opolskie",422175.452535162,309357.889258931,4062,1105,1957,4182,1232,261,29033,34249,34153,0,3219,2412,1400,1875,796,159,8604,3471,5107,1549,37.8267291760324,42.9085972850679,36.1972406745018,46.5971754555481,44.7832115800866,37.5087966220971,71.0710915165501,49.3063518129943,46.0110678417709,NA,51.40519830175,46.0392482034273,41.7797619047619,52.7111111111111,53.6005025125628,46.3396226415094,62.6251743375174,55.5112490505749,38.2271392206775,43.6036152356359,34249,2014
"73","podkarpackie",727321.102662393,236412.632310518,8357,2145,4918,12443,2651,1197,86325,93611,93503,9545,9075,7424,3197,7903,1593,683,24652,7502,17027,3942,39.0830909781438,45.2195804195804,37.0207401382676,45.8264379447833,50.2369388909845,40.7873425059247,67.3388705473501,47.1799629692399,49.2594034416008,50.9417379663582,56.6183654729109,50.3237248563218,49.1966426858513,52.2999704753469,55.0194601381042,50.00878477306,61.5996268051274,57.4892149972129,43.9077935044341,46.6590563165906,93611,2014
"74","podlaskie",761999.586861065,606650.468895193,4141,1396,2274,6184,1513,322,48462,54270,54153,4318,5850,4239,2987,7729,1210,685,15181,5372,10374,3125,36.8457524437491,44.3452722063037,35.1064204045734,43.1145550069963,49.9924267459793,34.9347192293066,69.7080186537906,48.5749182017839,48.98709212786,52.3359580052493,49.2065527065527,51.702445545333,51.3781943979467,48.4612067106568,52.3471074380165,51.3722627737226,61.2397075291483,64.0619711636093,42.3907846539425,43.1904,54270,2014
"75","pomorskie",433888.002780233,699315.112450165,7048,2157,1896,10045,3539,555,72076,82572,82394,0,5936,4723,2158,4484,1741,662,23331,8001,13987,2718,37.2427577357746,47.5178488641632,35.8829113924051,47.0326388395079,49.440166713761,43.5374149659864,70.4251345801654,48.0002382850806,47.7793285918878,NA,53.3375449236298,51.9295645423107,49.8254556688292,52.2413024085638,50.0459506031017,56.809667673716,68.009043761519,56.2602970083285,41.8531493529706,44.579102281089,82572,2014
"76","śląskie",499480.921145263,273446.448843197,14746,3614,5131,14606,3982,1110,148579,159696,159487,0,13039,10170,3148,6929,3632,1130,41286,12986,25862,5740,39.8149240177145,45.8826784726065,37.5455076983044,50.0018164187488,51.4259480160723,40.9082551939695,70.3348656270402,49.0112802161946,47.4024591346003,NA,57.1682388731242,49.4963946247132,51.3045319779754,54.9555010343003,51.8816079295154,50.4336283185841,64.7332025383907,59.531068423337,40.7816874178331,49.1407665505226,159696,2014
"77","świętokrzyskie",624746.459810221,323304.077470651,4953,1459,1588,5241,963,420,49191,54055,53993,0,5524,4765,1705,4191,1395,195,11765,4389,9493,2465,41.0243243005995,45.8903358464702,41.4496221662469,48.7989128106881,48.2509086188993,41.6666666666667,66.1268524730134,45.3915306482137,49.7066286370455,NA,57.7111996138064,50.3571178733823,46.969696969697,53.5476815398075,54.2508960573477,42.6153846153846,62.0664683382915,60.7935127073883,41.4463288739071,45.8012170385396,54055,2014
"78","warmińsko-mazurskie",619853.94638317,667542.454595626,5193,1931,1968,10136,2055,556,47487,55142,55058,7764,4987,3822,1989,4653,917,340,12808,4826,8304,2003,36.3737975033281,45.4396685655101,37.6493902439024,44.9642011500733,45.6452757502028,40.1886653942152,68.486764798787,45.373370178419,45.5727414726289,50.969717785792,51.8110420426442,48.3874062445491,46.8635830400536,49.6611505122143,50.9334787350055,50.0882352941176,63.8009056839475,55.8838488490374,40.221098265896,43.4947578632052,55142,2014
"79","wielkopolskie",380773.294972023,497126.450255601,13185,5192,4849,17493,3936,1066,105023,128590,128427,209,12172,8824,5980,14313,3695,1300,28639,14437,21892,2841,37.8915434205537,48.7858243451464,35.7009692720148,46.9180091861818,48.9660082147696,44.8366964046407,69.852889367091,48.0134851392336,46.4160495845889,50.6166932482722,49.7973491072407,48.7917422181928,45.1588628762542,50.7259135052051,54.148849797023,53.0523076923077,63.6357763888404,53.955745023834,37.3072355198246,40.9243224216825,128590,2014
"80","zachodniopomorskie",270787.940195897,640902.765012328,7602,1995,2659,11444,2033,645,47903,57982,57736,496,4284,3520,1558,2232,875,195,11812,4669,5994,1596,39.9071182640724,52.2666666666667,41.393004889056,47.7077374116371,50.3991433021807,41.2118335706376,70.2415088825335,47.1417271156846,44.5376541499238,50.5958781362007,56.6242608154373,52.9000946969697,55.749893025246,53.9911887694146,58.2811428571429,48.0923076923077,66.6147138503217,54.8248602971242,42.5492158825492,48.3684210526316,57982,2014
